fault_id,fault_val,ai_time_ms,vanilla_time_ms,vanilla_backtracks
1,D,11.521339416503906,9.575605392456055,0
1,DB,10.904550552368164,9.722232818603516,0
4,D,10.830402374267578,9.461641311645508,0
4,DB,10.900259017944336,9.514093399047852,0
7,D,10.807037353515625,9.405374526977539,0
7,DB,10.897159576416016,9.500980377197266,0
10,D,10.820388793945312,9.383440017700195,0
10,DB,10.873556137084961,9.287118911743164,0
13,D,18.658161163330078,16.89934730529785,0
13,DB,18.61095428466797,16.995668411254883,0
16,D,18.54109764099121,16.85619354248047,0
16,DB,18.76354217529297,16.843557357788086,0
19,D,16.77393913269043,14.95671272277832,0
19,DB,16.532421112060547,15.094280242919922,0
22,D,18.847227096557617,16.842126846313477,0
22,DB,18.665313720703125,16.94011688232422,0
25,D,18.218994140625,16.30544662475586,0
25,DB,18.069744110107422,16.303062438964844,0
28,D,11.471748352050781,9.398698806762695,0
28,DB,11.382818222045898,9.452104568481445,0
31,D,20.76578140258789,17.444133758544922,0
31,DB,20.395517349243164,17.567873001098633,0
34,D,17.832040786743164,14.946937561035156,0
34,DB,16.812801361083984,15.174627304077148,0
37,D,19.109249114990234,17.54140853881836,0
37,DB,19.067764282226562,17.572641372680664,0
40,D,19.005298614501953,17.606258392333984,0
40,DB,18.971920013427734,17.61007308959961,0
43,D,10.587930679321289,9.313344955444336,0
43,DB,10.59865951538086,9.44972038269043,0
46,D,10.634899139404297,9.431123733520508,0
46,DB,10.681390762329102,9.539365768432617,0
49,D,9.783744812011719,8.628129959106445,0
49,DB,9.835958480834961,8.66079330444336,0
53,D,22.57394790649414,20.592451095581055,0
53,DB,22.490262985229492,20.64990997314453,0
56,D,9.946346282958984,8.622884750366211,0
56,DB,9.855985641479492,8.618354797363281,0
60,D,21.69013023376465,20.123958587646484,0
60,DB,21.800756454467773,19.96612548828125,0
63,D,9.316682815551758,8.062362670898438,0
63,DB,9.33527946472168,8.00323486328125,0
66,D,9.29117202758789,7.953405380249023,0
66,DB,9.273767471313477,7.964372634887695,0
69,D,10.884284973144531,9.580373764038086,0
69,DB,10.858297348022461,9.761333465576172,0
72,D,37.026166915893555,34.68585014343262,11
72,DB,37.05334663391113,34.90757942199707,11
76,D,9.18436050415039,7.867336273193359,0
76,DB,9.14907455444336,7.907390594482422,0
79,D,9.156465530395508,7.956981658935547,0
79,DB,9.041070938110352,7.905006408691406,0
82,D,9.17196273803711,7.889270782470703,0
82,DB,8.920431137084961,7.931232452392578,0
85,D,8.695840835571289,7.943868637084961,0
85,DB,8.68678092956543,7.96055793762207,0
88,D,15.162467956542969,14.564990997314453,0
88,DB,15.238523483276367,14.542341232299805,0
91,D,15.040874481201172,14.541387557983398,0
91,DB,15.122413635253906,14.499187469482422,0
94,D,22.337675094604492,21.784067153930664,1
94,DB,22.33409881591797,21.760940551757812,1
99,D,18.19157600402832,17.5626277923584,0
99,DB,18.15009117126465,17.49396324157715,0
104,D,4.860162734985352,4.001140594482422,0
104,DB,4.823446273803711,3.969430923461914,0
251,D,2.87628173828125,7.996320724487305,0
252,D,2.876758575439453,7.973432540893555,0
574,DB,18.045425415039062,18.16082000732422,0
586,DB,16.748666763305664,17.047882080078125,0
592,DB,16.146183013916016,15.56539535522461,0
601,D,21.279335021972656,20.788192749023438,0
602,D,21.067380905151367,20.696401596069336,0
603,D,9.938716888427734,9.190797805786133,0
643,DB,13.36359977722168,13.43989372253418,0
655,DB,13.961076736450195,13.983964920043945,0
682,D,2.1126270294189453,8.089303970336914,0
685,D,2.111673355102539,8.017778396606445,0
724,DB,15.280008316040039,14.60123062133789,0
886,DB,8.266448974609375,8.131980895996094,0
887,DB,8.221149444580078,8.211374282836914,0
893,D,13.386249542236328,13.27657699584961,0
896,D,14.057159423828125,13.934850692749023,0
897,DB,16.849040985107422,16.69621467590332,0
898,DB,14.554977416992188,13.61393928527832,0
899,D,20.85137367248535,19.96135711669922,0
903,D,10.094165802001953,19.90985870361328,0
907,D,8.743047714233398,7.8945159912109375,0
910,D,8.746623992919922,7.886171340942383,0
959,DB,18.202543258666992,18.213748931884766,0
962,DB,8039.443254470825,20.350933074951172,0
973,DB,8056.63800239563,20.494461059570312,0
977,DB,16.927480697631836,16.918182373046875,0
981,DB,16.469240188598633,15.504121780395508,0
985,DB,20.88642120361328,19.815921783447266,0
991,D,15.300989151000977,14.464616775512695,0
1067,D,14.022350311279297,13.817787170410156,0
1122,D,15.271425247192383,14.434576034545898,0
1155,D,8018.979787826538,20.221471786499023,0
1157,D,16.963958740234375,16.93892478942871,0
1159,D,20.828723907470703,20.023345947265625,0
1160,D,21.33655548095703,19.860267639160156,0
1163,DB,8047.9254722595215,3253.911256790161,2001
1164,D,9.408235549926758,20.712852478027344,0
1167,DB,8011.171817779541,3216.355323791504,2001
1168,D,20.97344398498535,20.485877990722656,0
1206,D,17.37523078918457,16.19553565979004,0
1208,D,14.240026473999023,13.418436050415039,0
1210,D,14.228343963623047,13.382434844970703,0
1212,D,16.338109970092773,15.572309494018555,0
1214,D,18.877267837524414,18.08786392211914,0
1216,D,17.058134078979492,16.416549682617188,0
1218,D,18.032312393188477,18.03898811340332,0
1221,D,21.268367767333984,33.069610595703125,0
1224,D,17.145872116088867,18.617630004882812,0
1226,D,21.227359771728516,20.590782165527344,0
1227,D,8058.973550796509,21.145343780517578,0
1229,D,17.57049560546875,17.29607582092285,0
1230,D,16.145706176757812,20.555973052978516,0
1231,D,16.152381896972656,15.769004821777344,0
1235,D,18.021583557128906,9.427070617675781,0
1239,D,15.029668807983398,14.674186706542969,0
1242,D,9.44209098815918,8.751153945922852,0
1252,D,9.315252304077148,9.18126106262207,0
1255,D,8.655309677124023,7.851600646972656,0
1258,D,9.868144989013672,9.057998657226562,0
1261,D,8.64267349243164,7.766008377075195,0
1348,DB,8.667707443237305,7.819652557373047,0
1349,DB,9.391069412231445,9.113788604736328,0
1350,DB,8.75401496887207,7.730007171630859,0
1351,DB,10.054826736450195,9.07754898071289,0
1388,DB,18.42498779296875,9.37342643737793,0
1389,D,19.359350204467773,14.290571212768555,0
1389,DB,17.961978912353516,9.33384895324707,0
1443,D,18.648386001586914,13.330698013305664,0
1445,D,21.187305450439453,16.24011993408203,0
1447,D,18.76521110534668,13.372421264648438,0
1451,D,21.31819725036621,15.554189682006836,0
1453,D,21.037817001342773,16.17741584777832,0
1455,D,23.036956787109375,18.149375915527344,0
1457,D,21.54088020324707,16.268491744995117,0
1459,DB,20.217180252075195,17.085790634155273,0
1462,D,13.498067855834961,8.86988639831543,0
1469,D,24.655818939208984,20.398855209350586,0
1471,DB,8094.777584075928,20.931005477905273,0
1476,D,19.794940948486328,15.109062194824219,0
1496,D,22.573232650756836,17.284631729125977,0
1501,D,8104.38346862793,20.28179168701172,0
1527,D,24.701833724975586,16.55125617980957,0
1534,D,29.96087074279785,20.116806030273438,0
1594,D,63.9193058013916,14.61338996887207,0
1671,DB,129.56809997558594,13.391733169555664,0
1706,D,45.48001289367676,14.905452728271484,0
1742,D,165.24386405944824,13.495922088623047,0
1795,DB,8222.242832183838,20.5078125,0
1818,D,204.35500144958496,13.357877731323242,0
1825,D,8049.8034954071045,20.412683486938477,0
1837,D,37.09840774536133,18.19324493408203,0
1875,D,93.10102462768555,17.580270767211914,0
1882,D,119.84777450561523,19.875049591064453,0
1896,D,101.96423530578613,16.299009323120117,0
1919,D,62.13831901550293,19.942283630371094,0
1921,D,59.67426300048828,20.784616470336914,0
1937,D,163.79356384277344,20.38264274597168,0
1968,D,282.8936576843262,20.548582077026367,0
1975,D,72.55148887634277,20.951509475708008,0
1977,D,73.99940490722656,21.17919921875,0
2014,D,207.8413963317871,17.74740219116211,0
2018,DB,364.886999130249,21.080732345581055,0
2019,DB,342.9536819458008,20.729780197143555,0
2020,D,212.99266815185547,20.550966262817383,0
2022,D,116.86301231384277,19.84858512878418,0
2024,D,11.189460754394531,19.738435745239258,0
2025,D,11.880159378051758,19.980907440185547,0
2037,D,109.27867889404297,16.4034366607666,0
2041,DB,12.747049331665039,19.762277603149414,0
2042,DB,13.172149658203125,20.041704177856445,0
2067,D,78.63974571228027,19.791364669799805,0
2086,D,78.00507545471191,19.778013229370117,0
2089,DB,72.47710227966309,20.049095153808594,0
2214,D,100.87800025939941,19.717693328857422,0
2216,D,101.05085372924805,19.9127197265625,0
2226,D,105.43274879455566,20.38741111755371,0
2228,D,104.36320304870605,20.573139190673828,0
2232,D,11.684656143188477,20.39337158203125,0
2233,D,13.369560241699219,20.63894271850586,0
2240,DB,13.331413269042969,20.423412322998047,0
2241,DB,14.351606369018555,20.639657974243164,0
2253,D,127.04920768737793,20.478010177612305,0
2263,D,128.83377075195312,20.739316940307617,0
2340,D,576.185941696167,19.995450973510742,0
2375,DB,268.3432102203369,19.62900161743164,0
2385,D,246.57511711120605,20.543336868286133,0
