fault_index,gate_id,fault_val,ok,attempts_used,precheck_success,precheck_attempts,precheck_pi_assignments,ai_precheck_solve_time_s,ai_precheck_sim_time_s,ai_hint_solve_time_s,ai_podem_search_time_s,ai_result_code,search_backtracks_diagnostic,classic_ok,classic_result_code,classic_backtracks,classic_recursive_calls,ai_less_backtracks,ai_error,time_s,classic_time_s
5899,29392,3,True,1,False,1,23,1.5438,0.0331,1.2439,1.5221,1,0,True,1,0,37,,,5.2838,0.7524
5900,29396,3,False,1,False,1,24,1.5497,0.0331,1.2512,5.8137,2,78,False,2,501,1050,,,38.8317,30.0066
5901,29400,3,False,1,False,1,54,1.0946,0.0,0.8811,6.7568,2,66,False,2,501,1093,,,38.7766,30.013
5902,29403,4,False,1,False,1,34,4.2751,0.0,4.0015,6.1543,2,76,False,2,509,1060,,,44.4842,30.0083
5903,29406,3,False,1,False,1,27,7.0998,0.0,4.8351,5.9129,2,78,False,2,509,1058,,,47.9338,30.0112
5904,29411,4,True,0,False,0,0,0.0,0.0,0.0,1.6581,1,8,True,1,8,79,,,1.6581,1.6581
5905,29427,4,True,1,True,1,34,0.0211,0.0632,0.0,0.9683,1,0,True,1,0,34,,,1.7127,0.6524
5906,29430,4,False,1,False,1,29,4.8166,0.0326,4.8698,5.1684,2,79,False,2,518,1082,,,44.9247,30.0155
5907,29431,4,True,1,True,1,31,2.8483,0.0327,0.0,0.8962,1,0,True,1,6,71,,,5.3145,1.4671
5908,29449,3,True,1,True,1,2,2.069,0.0331,0.0,0.0,1,0,True,1,0,3,,,2.5291,0.0546
5909,29455,4,True,1,True,1,20,17.3207,0.033,0.0,0.4725,1,0,True,1,0,33,,,18.6238,0.632
5910,29465,4,True,1,True,1,20,16.7574,0.0323,0.0,0.4728,1,0,True,1,0,33,,,18.0139,0.6362
5911,29475,4,True,1,True,1,50,1.624,0.0,0.0,1.6353,1,0,True,1,0,51,,,4.268,0.9985
5912,29478,3,True,0,False,0,0,0.0,0.0,0.0,0.9353,1,0,True,1,0,48,,,0.9353,0.9353
5913,29478,4,True,0,False,0,0,0.0,0.0,0.0,0.9408,1,0,True,1,0,48,,,0.9408,0.9408
5914,29480,4,True,0,False,0,0,0.0,0.0,0.0,0.3484,1,0,True,1,0,18,,,0.3484,0.3484
5915,29485,3,True,0,False,0,0,0.0,0.0,0.0,1.2194,1,0,True,1,0,63,,,1.2194,1.2194
5916,29486,4,True,1,True,1,107,1.4408,0.0321,0.0,0.1244,1,0,True,1,0,63,,,2.8358,1.2281
5917,29489,4,True,1,True,1,82,0.427,0.0319,0.0,0.2768,1,0,True,1,0,22,,,1.1649,0.4192
5918,29497,3,True,0,False,0,0,0.0,0.0,0.0,0.9234,1,0,True,1,0,48,,,0.9234,0.9234
5919,29497,4,True,0,False,0,0,0.0,0.0,0.0,0.9254,1,0,True,1,0,48,,,0.9254,0.9254
5920,29503,3,True,1,True,1,5,0.739,0.0347,0.0,0.0,1,0,True,1,0,4,,,0.9163,0.0771
5921,29527,4,True,0,False,0,0,0.0,0.0,0.0,0.3454,1,0,True,1,0,18,,,0.3454,0.3454
5922,29537,3,True,1,True,1,7,0.9702,0.0,0.0,0.2454,1,0,True,1,0,8,,,1.415,0.1594
5923,29541,4,True,0,False,0,0,0.0,0.0,0.0,0.8055,1,4,True,1,4,38,,,0.8055,0.8055
5924,29547,3,True,1,False,1,57,1.2056,0.0333,1.1583,3.0732,1,6,True,1,6,73,,,7.0245,1.5153
5925,29554,3,False,1,False,1,63,5.6874,0.0336,5.5019,6.6481,2,71,False,2,504,1080,,,47.9304,30.0287
5926,29564,4,True,1,True,1,11,0.7193,0.0326,0.0,0.0,1,0,True,1,0,3,,,0.871,0.0554
5927,29565,4,False,1,False,1,40,2.1687,0.0,1.7475,6.3237,2,66,False,2,515,1087,,,40.4187,30.0086
5928,29567,4,False,1,False,1,24,1.5518,0.0336,1.2578,5.4491,2,82,True,1,411,880,,,32.9913,24.5477
5929,29568,3,False,1,False,1,40,4.5133,0.0,4.2657,6.3129,2,66,False,2,517,1107,,,45.2434,30.0097
5930,29570,4,False,1,False,1,40,6.5724,0.0,4.0058,6.3115,2,66,False,2,517,1098,,,47.0167,30.015
5931,29583,3,False,1,False,1,36,6.0369,0.0,6.0203,6.1813,2,68,False,2,518,1093,,,48.3309,30.0055
5932,29586,4,True,1,False,1,23,2.8567,0.035,1.2986,1.4011,1,0,True,1,0,37,,,6.3947,0.7145
5933,29599,3,True,1,False,1,23,1.3269,0.0333,1.2755,1.4353,1,0,True,1,0,37,,,4.8668,0.7095
5934,29605,4,False,1,False,1,20,2.8524,0.0,2.7515,5.668,2,67,False,2,515,1090,,,41.3114,30.0113
5935,29610,4,False,1,False,1,40,5.0017,0.0327,4.932,5.9038,2,74,False,2,519,1082,,,45.9198,30.005
5936,29619,3,True,0,False,0,0,0.0,0.0,0.0,0.4732,1,0,True,1,0,24,,,0.4732,0.4732
5937,29625,3,False,1,False,1,32,0.0698,0.0643,0.0493,5.9927,2,79,True,1,377,792,,,28.7874,22.6017
5938,29626,3,True,1,False,1,19,5.8757,0.0657,5.8671,3.5364,1,56,True,1,0,34,,,16.0128,0.6556
5939,29639,4,False,1,False,1,4,8.9001,0.0,9.2074,5.1627,2,72,False,2,513,1063,,,53.3969,30.026
5940,29640,4,False,1,False,1,18,0.7528,0.0,0.649,5.5765,2,68,False,2,512,1103,,,37.0759,30.0157
5941,29645,3,True,1,False,1,11,0.0108,0.0648,0.0001,0.9464,1,0,True,1,0,33,,,1.6625,0.6307
5942,29646,4,True,1,True,1,20,0.9149,0.0,0.0,0.6536,1,0,True,1,0,21,,,2.0301,0.4214
5943,29649,4,True,1,False,1,39,0.0108,0.064,0.0001,0.9214,1,0,True,1,0,30,,,1.5792,0.5733
5944,29659,3,True,1,True,1,22,8.3175,0.0328,0.0,0.4739,1,0,True,1,0,33,,,9.6249,0.6408
5945,29663,4,True,1,True,1,50,2.6356,0.0,0.0,1.5907,1,0,True,1,0,51,,,5.3758,0.9854
5946,29664,3,True,1,True,1,3,1.2763,0.0328,0.0,0.0958,1,0,True,1,0,4,,,1.6577,0.0736
5947,29671,4,True,1,True,1,20,2.5552,0.0327,0.0,0.4388,1,0,False,2,531,1100,,,33.2949,30.0111
5948,29681,3,True,1,False,1,19,3.0254,0.0326,2.9336,1.3305,1,0,True,1,0,46,,,8.3263,0.8871
5949,29687,3,True,1,True,1,7,3.4283,0.0327,0.0,0.0958,1,0,True,1,0,3,,,3.6439,0.0541
5950,29687,4,True,1,True,1,17,2.9162,0.0,0.0,0.5582,1,0,True,1,0,18,,,3.8475,0.34
5951,29697,3,True,0,False,0,0,0.0,0.0,0.0,1.717,1,0,True,1,0,90,,,1.717,1.717
5952,29698,4,True,1,True,1,89,0.0106,0.0635,0.0,1.8725,1,0,True,1,0,63,,,3.1745,1.2201
5953,29703,3,True,1,True,1,32,0.6745,0.033,0.0,0.3753,1,0,True,1,0,31,,,1.7072,0.6136
5954,29705,3,True,0,False,0,0,0.0,0.0,0.0,0.8622,1,0,True,1,0,45,,,0.8622,0.8622
5955,29707,4,True,0,False,0,0,0.0,0.0,0.0,0.9377,1,0,True,1,0,49,,,0.9377,0.9377
5956,29718,3,True,0,False,0,0,0.0,0.0,0.0,0.6337,1,0,True,1,0,33,,,0.6337,0.6337
5957,29723,4,True,1,True,1,104,0.0112,0.0635,0.0,2.317,1,0,True,1,0,78,,,3.9168,1.5175
5958,29728,3,True,0,False,0,0,0.0,0.0,0.0,0.6358,1,0,True,1,0,33,,,0.6358,0.6358
5959,29728,4,True,0,False,0,0,0.0,0.0,0.0,1.1727,1,0,True,1,0,61,,,1.1727,1.1727
5960,29730,4,True,1,True,1,59,0.011,0.064,0.0,0.9531,1,0,True,1,0,33,,,1.6727,0.6368
5961,29732,4,True,0,False,0,0,0.0,0.0,0.0,1.0171,1,0,True,1,0,53,,,1.0171,1.0171
5962,29750,4,True,0,False,0,0,0.0,0.0,0.0,0.6637,1,0,True,1,0,34,,,0.6637,0.6637
5963,29751,4,True,1,True,1,33,0.0108,0.0641,0.0,0.1572,1,0,True,1,0,7,,,0.3746,0.1349
5964,29755,3,True,1,True,1,7,0.0103,0.0641,0.0,0.1875,1,0,True,1,0,8,,,0.4231,0.1535
5965,29760,4,True,0,False,0,0,0.0,0.0,0.0,1.7012,1,11,True,1,11,78,,,1.7012,1.7012
5966,29770,3,False,1,False,1,24,0.534,0.0,0.4431,5.7981,2,75,False,2,501,1092,,,37.1653,30.3616
5967,29771,3,False,1,False,1,63,0.5282,0.0334,0.5592,7.1247,2,71,False,2,504,1081,,,38.2927,30.0183
5968,29772,3,False,1,False,1,24,0.4986,0.0334,0.533,5.7815,2,75,False,2,486,1094,,,36.8799,30.0044
5969,29778,3,True,1,True,1,39,2.5139,0.0332,0.0,1.1522,1,0,True,1,0,40,,,4.497,0.7802
5970,29780,4,False,1,False,1,24,1.8503,0.0,1.4925,5.8094,2,75,True,1,102,229,,,15.3992,6.2092
5971,29781,3,False,1,False,1,24,16.8661,0.0,16.4999,5.793,2,69,False,2,512,1099,,,69.4953,30.0284
5972,29787,4,False,1,False,1,45,8.9561,0.0,10.1187,6.5235,2,67,False,2,517,1099,,,55.6573,30.0114
5973,29791,3,False,1,False,1,32,2.4535,0.0323,2.2883,5.9853,2,71,False,2,517,1080,,,40.8168,30.0082
5974,29794,4,True,1,False,1,23,2.4502,0.0,2.7223,1.4956,1,0,True,1,0,37,,,7.4049,0.6877
5975,29796,3,True,1,False,1,23,1.4645,0.0333,2.5027,1.4222,1,0,True,1,0,37,,,6.1861,0.7146
5976,29806,3,True,1,False,1,23,3.2405,0.0336,1.5921,1.4208,1,0,True,1,0,37,,,7.1067,0.7358
5977,29806,4,True,1,False,1,23,2.9737,0.0,2.9698,1.4575,1,0,True,1,0,37,,,8.1997,0.7069
5978,29808,4,True,1,False,1,23,1.5351,0.0,2.9938,1.4508,1,0,True,1,0,37,,,6.7612,0.6981
5979,29824,4,False,1,False,1,13,11.5883,0.0,11.234,5.4502,2,76,False,2,516,1072,,,58.4072,30.0634
5980,29831,3,True,0,False,0,0,0.0,0.0,0.0,0.9576,1,4,True,1,4,45,,,0.9576,0.9576
5981,29832,4,True,0,False,0,0,0.0,0.0,0.0,1.2154,1,0,True,1,0,63,,,1.2154,1.2154
5982,29839,3,True,1,False,1,4,7.1275,0.0328,7.127,0.7456,1,0,True,1,0,34,,,15.7062,0.661
5983,29842,3,True,1,True,1,6,1.9324,0.0323,0.0,0.1935,1,0,True,1,0,7,,,2.3311,0.1477
5984,29845,3,True,1,True,1,5,0.761,0.0327,0.0,0.1247,1,0,True,1,0,6,,,1.0565,0.1128
5985,29847,4,True,1,True,1,8,0.6181,0.0328,0.0,0.1581,1,0,True,1,4,70,,,2.2389,1.4084
5986,29850,4,True,1,True,1,32,2.7935,0.0329,0.0,0.935,1,0,True,1,5,70,,,5.2685,1.4385
5987,29851,4,False,1,False,1,4,2.2111,0.033,2.1757,5.0473,2,73,False,2,521,1096,,,39.499,30.0072
5988,29852,4,True,1,True,1,29,0.3133,0.0325,0.0,0.8158,1,0,True,1,0,57,,,2.3507,1.0885
5989,29859,3,True,0,False,0,0,0.0,0.0,0.0,0.6218,1,0,True,1,0,33,,,0.6218,0.6218
5990,29872,3,True,1,True,1,20,2.4004,0.033,0.0,0.4764,1,0,True,1,0,33,,,3.6977,0.6295
5991,29880,4,True,1,True,1,5,3.4886,0.0328,0.0,0.0,1,0,True,1,0,6,,,4.2155,0.1123
5992,29883,3,True,1,True,1,20,1.4642,0.0326,0.0,0.4689,1,0,True,1,0,33,,,2.8284,0.6355
5993,29889,3,True,1,True,1,25,3.5,0.0,0.0,0.8049,1,0,True,1,0,26,,,4.9837,0.4897
5994,29903,4,True,1,False,1,68,2.0573,0.0324,2.1464,0.784,1,0,True,1,0,39,,,5.8018,0.765
5995,29906,3,True,1,True,1,18,1.3471,0.0327,0.0,0.4404,1,0,True,1,0,31,,,2.4568,0.626
5996,29908,3,True,0,False,0,0,0.0,0.0,0.0,0.3427,1,0,True,1,0,18,,,0.3427,0.3427
5997,29910,3,True,1,True,1,24,1.2414,0.0,0.0,0.7696,1,0,True,1,0,25,,,2.5033,0.4763
5998,29911,3,True,0,False,0,0,0.0,0.0,0.0,1.7157,1,0,True,1,0,91,,,1.7157,1.7157
5999,29914,3,True,0,False,0,0,0.0,0.0,0.0,0.9437,1,0,True,1,0,49,,,0.9437,0.9437
6000,29916,4,True,1,True,1,82,0.5664,0.0318,0.0,0.2793,1,0,True,1,0,22,,,1.3035,0.4162
6001,29920,4,True,0,False,0,0,0.0,0.0,0.0,0.4185,1,0,True,1,0,22,,,0.4185,0.4185
6002,29932,3,True,0,False,0,0,0.0,0.0,0.0,0.6338,1,0,True,1,0,33,,,0.6338,0.6338
6003,29935,3,True,0,False,0,0,0.0,0.0,0.0,1.5109,1,0,True,1,0,78,,,1.5109,1.5109
6004,29936,3,True,1,True,1,16,1.2667,0.0319,0.0,0.3748,1,0,True,1,0,31,,,2.2848,0.6013
6005,29941,3,True,0,False,0,0,0.0,0.0,0.0,0.6436,1,0,True,1,0,33,,,0.6436,0.6436
6006,29949,3,True,1,True,1,31,0.8756,0.0324,0.0,0.4984,1,0,True,1,0,25,,,1.8952,0.4789
6007,29951,4,True,0,False,0,0,0.0,0.0,0.0,0.4347,1,0,True,1,0,23,,,0.4347,0.4347
6008,29958,4,True,1,True,1,7,4.004,0.0322,0.0,0.0,1,0,True,1,0,8,,,4.1984,0.1531
6009,29965,3,True,1,True,1,7,0.3142,0.0,0.0,0.2416,1,0,True,1,0,8,,,0.7484,0.1525
6010,29976,4,False,1,False,1,17,0.4758,0.0,0.5204,5.5923,2,68,False,2,507,1062,,,36.6498,30.0334
6011,29982,4,False,1,False,1,24,7.3221,0.0,6.9098,5.7897,2,64,False,2,513,1100,,,50.1832,30.008
6012,29986,4,False,1,False,1,25,1.8429,0.0331,1.7148,5.257,2,76,True,1,379,816,,,31.5938,22.5925
6013,29987,4,False,1,False,1,24,1.8025,0.0331,1.5171,5.2261,2,62,False,2,509,1086,,,38.6637,30.0098
6014,29988,3,False,1,False,1,6,10.1909,0.0321,10.3692,5.0915,2,71,False,2,520,1104,,,55.7261,30.0139
6015,29989,3,False,1,False,1,45,1.3156,0.0329,1.2544,6.259,2,71,False,2,517,1078,,,38.9261,30.034
6016,30007,3,True,0,False,0,0,0.0,0.0,0.0,0.1716,1,0,True,1,0,9,,,0.1716,0.1716
6017,30012,3,True,0,False,0,0,0.0,0.0,0.0,1.2879,1,12,True,1,12,56,,,1.2879,1.2879
6018,30014,3,True,1,False,1,18,0.0107,0.0649,0.0001,1.8242,1,12,True,1,12,56,,,3.2006,1.2909
6019,30017,4,True,0,False,0,0,0.0,0.0,0.0,0.7004,1,0,True,1,0,36,,,0.7004,0.7004
6020,30023,4,False,1,False,1,4,9.3561,0.0,9.1938,5.1637,2,71,False,2,500,1050,,,53.8287,30.007
6021,30026,3,True,1,True,1,8,8.5938,0.0328,0.0,0.1592,1,0,True,1,2,43,,,9.7908,0.9068
6022,30030,3,True,0,False,0,0,0.0,0.0,0.0,1.1737,1,0,True,1,0,60,,,1.1737,1.1737
6023,30045,4,True,1,True,1,25,3.017,0.0,0.0,0.7987,1,0,True,1,0,26,,,4.4713,0.4999
6024,30047,4,True,1,True,1,25,17.0161,0.0,0.0,0.8,1,0,True,1,0,26,,,18.4754,0.4963
6025,30051,3,True,1,True,1,3,1.4611,0.0331,0.0,0.0966,1,0,True,1,0,4,,,1.8578,0.076
6026,30055,3,True,1,True,1,3,1.3272,0.0335,0.0,0.0974,1,0,True,1,0,4,,,2.0121,0.0745
6027,30061,4,True,1,True,1,25,16.7292,0.0,0.0,0.8054,1,0,True,1,0,26,,,18.2232,0.5051
6028,30062,4,True,1,True,1,57,2.4138,0.0,0.0,1.8337,1,0,True,1,0,58,,,5.5814,1.1402
6029,30066,4,True,1,True,1,56,3.675,0.0,0.0,1.7797,1,0,True,1,0,57,,,6.813,1.1688
6030,30071,3,True,1,True,1,3,0.9322,0.0335,0.0,0.0984,1,0,True,1,0,4,,,1.287,0.0754
6031,30076,4,True,1,True,1,33,0.6253,0.0362,0.0,0.3237,1,0,True,1,0,19,,,1.3684,0.3686
6032,30083,3,True,0,False,0,0,0.0,0.0,0.0,0.3484,1,0,True,1,0,18,,,0.3484,0.3484
6033,30088,3,True,0,False,0,0,0.0,0.0,0.0,1.7594,1,0,True,1,0,91,,,1.7594,1.7594
6034,30093,4,True,1,True,1,49,0.0116,0.0655,0.0,0.6205,1,0,True,1,0,22,,,1.1307,0.4253
6035,30101,3,True,0,False,0,0,0.0,0.0,0.0,0.9398,1,0,True,1,0,48,,,0.9398,0.9398
6036,30109,4,True,0,False,0,0,0.0,0.0,0.0,1.2006,1,0,True,1,0,62,,,1.2006,1.2006
6037,30111,3,True,1,True,1,32,0.0111,0.0652,0.0,0.9932,1,0,True,1,0,33,,,1.7222,0.6449
6038,30116,4,True,0,False,0,0,0.0,0.0,0.0,1.3715,1,0,True,1,0,69,,,1.3715,1.3715
6039,30117,4,True,1,True,1,68,0.0114,0.0658,0.0,1.2244,1,0,True,1,0,41,,,2.1187,0.8095
6040,30121,3,True,1,True,1,32,0.0111,0.0661,0.0,0.9912,1,0,True,1,0,33,,,1.7393,0.6631
6041,30127,4,True,0,False,0,0,0.0,0.0,0.0,1.3314,1,0,True,1,0,66,,,1.3314,1.3314
6042,30133,3,True,0,False,0,0,0.0,0.0,0.0,0.9331,1,0,True,1,0,46,,,0.9331,0.9331
6043,30136,4,True,0,False,0,0,0.0,0.0,0.0,0.741,1,0,True,1,0,36,,,0.741,0.741
6044,30140,3,True,0,False,0,0,0.0,0.0,0.0,0.1439,1,0,True,1,0,7,,,0.1439,0.1439
6045,30140,4,True,0,False,0,0,0.0,0.0,0.0,0.7311,1,0,True,1,0,36,,,0.7311,0.7311
6046,30147,4,True,0,False,0,0,0.0,0.0,0.0,1.4256,1,4,True,1,4,66,,,1.4256,1.4256
6047,30149,3,True,1,True,1,6,12.7239,0.0336,0.0,0.1636,1,0,True,1,0,7,,,13.0795,0.1386
6048,30150,3,True,0,False,0,0,0.0,0.0,0.0,1.4095,1,4,True,1,4,67,,,1.4095,1.4095
6049,30152,4,True,1,False,1,45,0.0129,0.0673,0.0005,1.8461,1,4,True,1,4,36,,,2.7513,0.8141
6050,30158,4,True,1,False,1,9,10.0628,0.035,10.551,0.4762,1,0,True,1,0,18,,,21.5076,0.3641
6051,30160,4,False,1,False,1,24,2.3785,0.0,2.6207,5.8087,2,78,True,1,106,237,,,17.5671,6.7203
6052,30173,4,False,1,False,1,16,1.5776,0.0329,1.6833,5.128,2,55,False,2,489,1075,,,38.4947,30.0307
6053,30176,3,False,1,False,1,13,3.5058,0.0,3.544,5.4311,2,70,False,2,506,1064,,,42.603,30.0491
6054,30183,4,True,0,False,0,0,0.0,0.0,0.0,1.2349,1,0,True,1,0,64,,,1.2349,1.2349
6055,30187,3,False,1,False,1,4,0.0204,0.0645,0.0001,5.1108,2,63,True,1,64,166,,,9.665,4.4597
6056,30192,4,True,1,False,1,18,1.9501,0.0,1.92,1.8866,1,12,True,1,12,56,,,7.0887,1.3044
6057,30193,3,True,0,False,0,0,0.0,0.0,0.0,0.7287,1,0,True,1,0,37,,,0.7287,0.7287
6058,30201,3,False,1,False,1,4,0.7349,0.0,0.7258,5.1513,2,73,False,2,487,1056,,,36.727,30.0891
6059,30208,3,True,0,False,0,0,0.0,0.0,0.0,1.191,1,0,True,1,0,61,,,1.191,1.191
6060,30213,3,True,0,False,0,0,0.0,0.0,0.0,0.5779,1,0,True,1,0,30,,,0.5779,0.5779
6061,30227,4,True,1,True,1,20,0.8466,0.0322,0.0,0.4412,1,0,True,1,0,33,,,2.1643,0.6472
6062,30234,4,True,1,True,1,20,1.359,0.0331,0.0,0.4392,1,0,True,1,0,33,,,2.6747,0.6477
6063,30241,4,True,1,True,1,57,2.3612,0.0331,0.0,0.0,1,0,True,1,0,5,,,2.6589,0.0961
6064,30242,3,True,1,True,1,5,3.2843,0.0332,0.0,0.0,1,0,True,1,0,6,,,3.6448,0.1142
6065,30244,3,True,1,True,1,33,0.7074,0.0331,0.0,0.3175,1,0,True,1,0,19,,,1.4431,0.3698
6066,30264,4,True,0,False,0,0,0.0,0.0,0.0,0.6729,1,4,True,1,4,31,,,0.6729,0.6729
6067,30273,3,True,1,True,1,106,0.3257,0.0324,0.0,0.188,1,0,True,1,0,25,,,1.0538,0.4943
6068,30276,3,True,1,True,1,23,0.9912,0.0325,0.0,0.5991,1,0,True,1,0,25,,,2.117,0.4839
6069,30277,3,True,0,False,0,0,0.0,0.0,0.0,2.0471,1,0,True,1,0,107,,,2.0471,2.0471
6070,30290,3,True,0,False,0,0,0.0,0.0,0.0,1.3761,1,0,True,1,0,68,,,1.3761,1.3761
6071,30292,3,True,1,True,1,31,0.9872,0.0326,0.0,0.5018,1,0,True,1,0,25,,,2.0144,0.4826
6072,30295,3,True,1,True,1,38,0.4081,0.0333,0.0,0.7402,1,0,True,1,0,25,,,1.7531,0.5612
6073,30299,4,True,0,False,0,0,0.0,0.0,0.0,0.1589,1,0,True,1,0,8,,,0.1589,0.1589
6074,30303,4,True,1,True,1,9,1.7209,0.066,0.0,0.2256,1,0,True,1,0,37,,,2.7805,0.7578
6075,30305,4,True,0,False,0,0,0.0,0.0,0.0,0.1363,1,0,True,1,0,7,,,0.1363,0.1363
6076,30308,3,True,1,True,1,7,0.7948,0.0,0.0,0.2417,1,0,True,1,0,8,,,1.2334,0.157
6077,30311,4,True,0,False,0,0,0.0,0.0,0.0,1.405,1,4,True,1,4,69,,,1.405,1.405
6078,30322,3,True,1,False,1,9,2.2762,0.0326,0.2665,0.4782,1,0,True,1,0,18,,,3.4352,0.3628
6079,30332,4,False,1,False,1,1,1.961,0.0,1.6666,5.0543,2,60,False,2,495,1077,,,38.8046,30.0926
6080,30348,3,False,1,False,1,34,0.0706,0.0646,0.0227,6.0464,2,77,True,1,434,906,,,32.3884,26.1745
6081,30363,4,False,1,False,1,28,3.3006,0.0,3.0012,6.1854,2,85,True,1,316,670,,,32.1558,19.344
6082,30365,4,True,1,True,1,11,1.9843,0.0324,0.0,0.127,1,0,True,1,2,43,,,3.5395,0.8877
6083,30376,3,True,1,True,1,3,1.3788,0.0332,0.0,0.0964,1,0,True,1,0,4,,,1.9299,0.0738
6084,30376,4,True,1,True,1,24,1.0582,0.0,0.0,0.7715,1,0,True,1,0,25,,,2.5012,0.4797
6085,30380,4,True,1,True,1,24,1.2202,0.0,0.0,0.7671,1,0,True,1,0,25,,,2.862,0.4791
6086,30385,4,True,1,True,1,24,0.9846,0.0,0.0,0.7832,1,0,True,1,0,25,,,2.4454,0.4778
6087,30388,3,True,1,True,1,5,2.5899,0.0,0.0,0.1793,1,0,True,1,0,6,,,3.0541,0.1127
6088,30390,3,True,1,True,1,24,1.4621,0.0329,0.0,0.1273,1,0,True,1,0,4,,,1.7378,0.0748
6089,30392,3,True,1,True,1,5,2.3701,0.0334,0.0,0.1624,1,0,True,1,0,6,,,2.7129,0.1149
6090,30399,3,True,0,False,0,0,0.0,0.0,0.0,0.5966,1,4,True,1,4,27,,,0.5966,0.5966
6091,30404,4,True,0,False,0,0,0.0,0.0,0.0,1.755,1,0,True,1,0,92,,,1.755,1.755
6092,30406,3,True,1,True,1,33,2.7424,0.0328,0.0,0.4091,1,0,True,1,0,53,,,4.2227,1.027
6093,30408,3,True,1,False,1,19,0.0103,0.0646,0.0001,1.2135,1,4,True,1,4,31,,,1.9631,0.6649
6094,30409,4,True,1,True,1,82,1.012,0.0323,0.0,0.2825,1,0,True,1,0,22,,,1.7584,0.4207
6095,30414,4,True,1,False,1,48,0.0113,0.0646,0.0001,1.0032,1,0,True,1,0,23,,,1.5315,0.4425
6096,30415,4,True,0,False,0,0,0.0,0.0,0.0,1.7302,1,4,True,1,4,87,,,1.7302,1.7302
6097,30418,4,True,1,True,1,92,4.1426,0.0345,0.0,0.1292,1,0,True,1,0,78,,,5.8705,1.5528
6098,30421,3,True,0,False,0,0,0.0,0.0,0.0,0.8774,1,0,True,1,0,42,,,0.8774,0.8774
6099,30421,4,True,0,False,0,0,0.0,0.0,0.0,0.8318,1,0,True,1,0,42,,,0.8318,0.8318
6100,30429,3,True,0,False,0,0,0.0,0.0,0.0,1.6373,1,4,True,1,4,79,,,1.6373,1.6373
6101,30433,3,True,1,False,1,34,0.0126,0.0653,0.0001,1.9428,1,4,True,1,4,42,,,2.9414,0.9111
6102,30435,3,True,1,False,1,19,0.0113,0.0648,0.0001,1.3024,1,4,True,1,4,35,,,2.1504,0.7624
6103,30443,3,True,0,False,0,0,0.0,0.0,0.0,0.7288,1,0,True,1,0,37,,,0.7288,0.7288
6104,30445,4,False,1,False,1,36,4.1825,0.0332,4.4612,5.2407,2,76,False,2,490,1039,,,43.9398,30.0105
6105,30449,3,True,0,False,0,0,0.0,0.0,0.0,0.7298,1,0,True,1,0,36,,,0.7298,0.7298
6106,30453,3,True,1,False,1,16,0.011,0.0651,0.0001,1.8644,1,4,True,1,4,69,,,3.3532,1.4031
6107,30455,3,True,0,False,0,0,0.0,0.0,0.0,1.9241,1,4,True,1,4,96,,,1.9241,1.9241
6108,30466,4,False,1,False,1,17,2.1849,0.0,2.0138,5.6322,2,71,False,2,504,1076,,,39.9156,30.0068
6109,30469,4,False,1,False,1,46,2.3452,0.0331,2.2089,6.4061,2,75,False,2,499,1052,,,41.0475,30.0257
6110,30478,4,True,1,True,1,18,0.1839,0.0331,0.0,0.0,1,0,True,1,0,7,,,0.4949,0.1503
6111,30479,3,True,0,False,0,0,0.0,0.0,0.0,0.4914,1,0,True,1,0,24,,,0.4914,0.4914
6112,30481,3,True,1,True,1,23,0.0107,0.0676,0.0,0.7078,1,0,True,1,0,24,,,1.2603,0.4665
6113,30483,4,True,1,False,1,51,0.0112,0.0662,0.0005,1.9301,1,0,True,1,0,37,,,2.7215,0.7038
6114,30486,4,False,1,False,1,34,4.6813,0.035,4.8333,5.103,2,80,False,2,501,1017,,,44.67,30.005
6115,30487,3,False,1,False,1,33,0.8513,0.0659,0.8418,6.0321,2,61,False,2,497,1026,,,37.8206,30.0175
6116,30493,4,True,1,True,1,10,0.0209,0.0633,0.0,0.2471,1,0,True,1,0,11,,,0.5467,0.2076
6117,30494,4,True,1,True,1,9,0.0211,0.0653,0.0,0.1899,1,0,True,1,0,10,,,0.4745,0.1904
6118,30499,3,False,1,False,1,4,0.7764,0.0,0.697,5.1572,2,72,False,2,484,1067,,,36.6941,30.0357
6119,30510,3,True,1,True,1,5,1.8678,0.0,0.0,0.1814,1,0,True,1,0,6,,,2.4407,0.1153
6120,30511,3,True,1,True,1,19,1.0999,0.0334,0.0,0.1289,1,0,True,1,0,5,,,1.3938,0.0989
6121,30512,4,True,1,True,1,41,2.2571,0.0326,0.0,0.0,1,0,True,1,0,5,,,2.593,0.0959
6122,30526,4,True,1,True,1,6,3.4438,0.0331,0.0,0.0,1,0,True,1,0,3,,,3.5669,0.0565
6123,30527,3,True,0,False,0,0,0.0,0.0,0.0,1.5337,1,0,True,1,0,79,,,1.5337,1.5337
6124,30529,3,True,1,True,1,23,1.6018,0.0329,0.0,0.6028,1,0,True,1,0,25,,,2.7397,0.4919
6125,30537,4,True,1,False,1,79,0.4215,0.0322,0.4183,0.8579,1,4,True,1,4,31,,,2.4102,0.6683
6126,30545,3,True,1,True,1,12,0.3907,0.0,0.0,0.3919,1,0,True,1,0,13,,,1.0854,0.2501
6127,30545,4,True,1,True,1,24,0.3648,0.0,0.0,0.7898,1,0,True,1,0,25,,,1.6941,0.4876
6128,30558,4,True,1,False,1,64,0.8568,0.0333,0.9262,0.9358,1,4,True,1,4,35,,,3.5189,0.7547
6129,30563,4,True,1,True,1,8,0.0209,0.0658,0.0,0.2263,1,0,True,1,0,9,,,0.4953,0.1746
6130,30565,4,True,1,True,1,7,4.3616,0.0331,0.0,0.0,1,0,True,1,0,8,,,4.5595,0.1555
6131,30573,4,False,1,False,1,44,0.2641,0.0,0.0965,6.4026,2,72,False,2,512,1076,,,36.788,30.0066
6132,30574,4,True,1,True,1,40,1.4396,0.0,0.0,1.2958,1,0,True,1,0,41,,,3.5356,0.7835
6133,30578,3,False,1,False,1,24,1.0862,0.0,0.9866,5.8039,2,75,False,2,499,1090,,,37.959,30.0152
6134,30580,3,False,1,False,1,13,1.0079,0.0,1.3004,5.4681,2,74,False,2,508,1052,,,37.874,30.0191
6135,30593,4,False,1,False,1,36,6.8021,0.0,6.7226,6.2128,2,66,False,2,497,1075,,,49.8238,30.0042
6136,30612,4,True,1,True,1,16,1.5982,0.0,0.0,0.5477,1,0,True,1,0,17,,,2.6776,0.3273
6137,30615,4,True,1,False,1,19,2.9401,0.0,2.7065,4.5161,1,55,True,1,55,146,,,14.3287,3.9818
6138,30618,4,True,1,True,1,23,1.4439,0.0,0.0,0.7734,1,0,True,1,0,24,,,2.9082,0.4587
6139,30623,4,True,1,True,1,28,1.3904,0.0,0.0,0.9211,1,0,True,1,0,29,,,3.1538,0.5606
6140,30634,3,True,1,True,1,8,16.8137,0.0325,0.0,0.1594,1,0,True,1,0,8,,,17.5021,0.1549
6141,30645,3,True,1,False,1,19,0.0107,0.0646,0.0001,1.1554,1,4,True,1,4,27,,,1.8332,0.5929
6142,30648,4,True,1,False,1,94,0.0115,0.0644,0.0001,3.2038,1,0,True,1,0,64,,,4.5437,1.2543
6143,30650,3,True,0,False,0,0,0.0,0.0,0.0,1.1878,1,4,True,1,4,57,,,1.1878,1.1878
6144,30652,4,True,1,False,1,49,3.7521,0.0327,3.7091,1.197,1,4,True,1,4,47,,,9.7805,1.0758
6145,30656,4,True,1,True,1,17,2.4815,0.0,0.0,0.5611,1,0,True,1,0,18,,,3.4478,0.3445
6146,30661,3,True,0,False,0,0,0.0,0.0,0.0,2.3282,1,4,True,1,4,117,,,2.3282,2.3282
6147,30672,3,True,1,False,1,24,5.235,0.0346,4.8975,4.037,1,44,True,1,44,146,,,18.0047,3.7313
6148,30675,4,False,1,False,1,15,1.3655,0.0,1.2214,5.5388,2,75,False,2,508,1050,,,38.2608,30.0137
6149,30693,4,True,1,True,1,9,1.9329,0.0,0.0,0.3082,1,0,True,1,0,10,,,2.4633,0.1912
6150,30703,4,True,1,True,1,10,1.0199,0.0,0.0,0.3406,1,0,True,1,0,11,,,1.604,0.2106
6151,30704,3,True,1,True,1,7,6.0385,0.033,0.0,0.1608,1,0,True,1,0,8,,,6.4189,0.1539
6152,30708,3,True,1,True,1,7,7.602,0.0326,0.0,0.1591,1,0,True,1,0,8,,,7.981,0.1533
6153,30712,4,True,1,True,1,26,1.2144,0.0,0.0,0.8724,1,0,True,1,0,27,,,2.6484,0.5271
6154,30716,3,True,1,True,1,9,7.8574,0.0328,0.0,0.2227,1,0,True,1,0,7,,,8.2966,0.1489
6155,30723,4,True,1,True,1,8,13.238,0.0334,0.0,0.2594,1,0,True,1,0,9,,,13.7395,0.1744
6156,30725,4,True,1,True,1,8,0.0814,0.0651,0.0,0.1945,1,0,True,1,1,12,,,0.601,0.2523
6157,30736,3,True,1,True,1,15,1.2831,0.0336,0.0,0.2586,1,0,True,1,0,8,,,1.7741,0.17
6158,30738,3,True,1,True,1,17,1.5348,0.0333,0.0,0.255,1,0,True,1,0,8,,,2.0075,0.1555
6159,30748,4,True,1,True,1,9,1.8554,0.0349,0.0,0.0636,1,0,True,1,0,10,,,2.1749,0.1918
6160,30749,3,True,1,True,1,27,1.4283,0.0338,0.0,0.2255,1,0,True,1,0,7,,,1.8505,0.134
6161,30761,3,False,1,False,1,3,0.8647,0.0338,1.0835,5.0374,2,71,False,2,512,1041,,,37.06,30.0307
6162,30766,3,False,1,False,1,14,2.5097,0.0,1.7099,5.4682,2,78,False,2,498,1027,,,40.3183,30.012
6163,30769,4,False,1,False,1,30,1.2835,0.0,1.3251,6.0043,2,70,True,1,371,781,,,31.8355,23.1456
6164,30787,3,True,1,True,1,5,0.7418,0.033,0.0,0.0,1,0,True,1,0,4,,,0.9133,0.0772
6165,30788,4,True,1,False,1,13,0.3287,0.0328,0.1832,0.706,1,4,True,1,4,22,,,1.7843,0.5186
6166,30790,4,True,1,False,1,124,3.9486,0.0331,3.5949,2.0466,1,4,True,1,4,87,,,11.4832,1.8476
6167,30802,4,True,1,True,1,9,7.7571,0.0333,0.0,0.0641,1,0,True,1,0,10,,,8.0687,0.1974
6168,30803,3,True,1,True,1,18,7.9507,0.0334,0.0,0.2603,1,0,True,1,0,8,,,8.4194,0.1582
6169,30811,3,True,1,True,1,26,8.2093,0.0347,0.0,0.2545,1,0,True,1,0,8,,,8.6763,0.1609
6170,30817,3,True,1,True,1,31,7.9419,0.0337,0.0,0.2385,1,0,True,1,0,7,,,8.3667,0.1357
6171,30824,3,True,1,True,1,4,9.7169,0.0338,0.0,0.1298,1,0,True,1,0,5,,,9.9939,0.0963
6172,30831,4,True,1,True,1,14,10.3926,0.0331,0.0,0.0,1,0,True,1,0,14,,,10.7166,0.2752
6173,30837,4,True,1,True,1,19,12.4608,0.0,0.0,0.631,1,0,True,1,0,20,,,13.505,0.3948
6174,30841,4,True,1,True,1,23,13.4552,0.0,0.0,0.7802,1,0,True,1,0,24,,,14.7242,0.4692
6175,30842,3,True,1,True,1,10,12.1382,0.0348,0.0,0.2574,1,0,True,1,0,8,,,12.6116,0.1611
6176,30847,4,True,1,True,1,29,13.3467,0.0,0.0,0.9604,1,0,True,1,0,30,,,14.9167,0.5897
6177,30849,4,True,1,True,1,31,12.888,0.0,0.0,1.0227,1,0,True,1,0,32,,,14.5525,0.6219
6178,30850,3,True,1,True,1,9,11.51,0.0331,0.0,0.2237,1,0,True,1,0,7,,,11.9246,0.1377
6179,30852,4,True,1,True,1,9,11.3037,0.0327,0.0,0.0,1,0,True,1,0,35,,,12.0337,0.6792
6180,30855,3,True,1,True,1,7,4.8083,0.0,0.0,0.2467,1,0,True,1,0,8,,,5.2443,0.152
6181,30855,4,True,1,True,1,11,3.7248,0.0326,0.0,0.0,1,0,True,1,0,6,,,3.9076,0.1144
6182,30857,4,False,1,False,1,44,0.4877,0.0,0.1002,6.4271,2,70,True,1,510,1062,,,36.8513,29.8181
6183,30858,3,True,1,False,1,36,0.2061,0.0329,0.065,1.9501,1,0,True,1,0,41,,,3.0973,0.825
6184,30867,4,True,1,False,1,20,1.2124,0.0,1.0276,1.6579,1,0,True,1,0,50,,,4.9315,1.0083
6185,30873,4,False,1,False,1,20,0.6131,0.0,0.5543,5.6746,2,75,False,2,490,1037,,,37.0251,30.1365
6186,30874,3,False,1,False,1,17,0.5912,0.0,0.5214,5.5799,2,77,False,2,470,1056,,,36.7312,30.0037
6187,30879,3,False,1,False,1,30,1.382,0.0,1.2958,6.0289,2,72,False,2,497,1034,,,38.8042,30.0125
6188,30883,3,True,1,True,1,44,0.4652,0.0333,0.0,0.0,1,0,True,1,0,6,,,0.7235,0.1192
6189,30884,4,True,1,True,1,25,0.3955,0.0,0.0,0.8259,1,0,True,1,0,26,,,1.8499,0.5217
6190,30886,3,True,1,True,1,8,0.4014,0.033,0.0,0.0643,1,0,True,1,0,6,,,0.7256,0.1191
6191,30888,3,True,1,True,1,9,0.8675,0.0335,0.0,0.1352,1,0,True,1,0,7,,,1.2833,0.1458
6192,30894,3,True,1,True,1,10,1.572,0.0324,0.0,0.2308,1,0,True,1,0,7,,,2.0073,0.1401
6193,30895,3,True,1,True,1,11,2.2707,0.0337,0.0,0.2273,1,0,True,1,0,7,,,2.7038,0.1399
6194,30900,3,True,1,True,1,16,2.3445,0.0337,0.0,0.2265,1,0,True,1,0,8,,,2.7941,0.1568
6195,30903,4,True,1,True,1,9,1.3474,0.0,0.0,0.3102,1,0,True,1,0,10,,,1.8873,0.1974
6196,30904,3,True,1,True,1,20,2.2473,0.0333,0.0,0.2296,1,0,True,1,0,8,,,2.6966,0.1543
6197,30906,3,True,1,True,1,22,1.4948,0.0334,0.0,0.2247,1,0,True,1,0,8,,,1.9406,0.1553
6198,30910,3,True,1,True,1,26,2.1956,0.0338,0.0,0.2246,1,0,True,1,0,7,,,2.6188,0.1329
6199,30928,4,True,1,True,1,8,1.1816,0.0324,0.0,0.095,1,0,True,1,0,6,,,1.4537,0.1137
6200,30930,4,True,1,True,1,8,1.4742,0.032,0.0,0.0955,1,0,True,1,0,6,,,1.7477,0.1158
6201,30932,4,True,1,True,1,8,1.5252,0.033,0.0,0.0968,1,0,True,1,0,6,,,1.7996,0.1141
6202,30934,3,True,1,True,1,8,1.3552,0.0333,0.0,0.1922,1,0,True,1,0,8,,,1.7683,0.1568
6203,30941,4,True,1,True,1,4,1.9113,0.0332,0.0,0.0,1,0,True,1,0,6,,,2.0855,0.1134
6204,30943,3,True,1,True,1,28,1.4514,0.034,0.0,0.1951,1,0,True,1,0,7,,,1.8438,0.1339
6205,30944,4,True,1,True,1,4,1.9901,0.0326,0.0,0.0,1,0,True,1,0,6,,,2.1692,0.1188
6206,30950,4,True,1,True,1,4,1.349,0.0325,0.0,0.0,1,0,True,1,0,6,,,1.5229,0.1137
6207,30958,3,True,1,True,1,5,0.9046,0.0,0.0,0.184,1,0,True,1,0,6,,,1.5489,0.113
6208,30969,3,True,1,True,1,8,2.0695,0.0332,0.0,0.1639,1,0,True,1,343,750,,,24.4172,21.5619
6209,30971,4,True,1,True,1,5,2.7862,0.0334,0.0,0.0,1,0,True,1,0,6,,,3.7516,0.12
6210,30973,4,True,1,True,1,18,1.9533,0.0332,0.0,0.0,1,0,True,1,0,19,,,2.9944,0.4243
6211,30976,3,True,1,True,1,2,2.2112,0.0331,0.0,0.0,1,0,True,1,0,3,,,2.62,0.0567
6212,30982,3,True,1,True,1,21,0.6241,0.0326,0.0,0.514,1,0,True,1,0,34,,,1.8491,0.6673
6213,30988,3,True,1,True,1,8,12.9219,0.0333,0.0,0.1919,1,0,True,1,0,8,,,13.3186,0.1532
6214,31005,3,True,1,True,1,32,13.583,0.0333,0.0,0.17,1,0,True,1,0,7,,,13.9397,0.1347
6215,31007,4,True,1,True,1,8,13.5403,0.035,0.0,0.103,1,0,True,1,0,6,,,13.823,0.1259
6216,31010,3,True,1,True,1,36,11.7404,0.033,0.0,0.1942,1,0,True,1,0,37,,,12.7319,0.7466
6217,31010,4,False,1,False,1,37,0.4431,0.033,0.3017,6.046,2,76,True,1,493,1024,,,36.1889,29.3455
6218,31013,4,True,1,True,1,6,0.6673,0.0329,0.0,0.0,1,0,True,1,0,6,,,0.8333,0.1158
6219,31015,4,True,1,True,1,8,0.7174,0.0326,0.0,0.0971,1,0,True,1,0,6,,,0.9797,0.1134
6220,31017,3,True,1,True,1,13,12.9284,0.0334,0.0,0.2241,1,0,True,1,0,9,,,13.3767,0.1715
6221,31024,4,True,1,True,1,7,0.1511,0.0,0.0,0.243,1,0,True,1,0,8,,,0.5751,0.1531
6222,31038,4,True,1,True,1,32,0.1558,0.0332,0.0,0.0,1,0,True,1,0,7,,,0.351,0.1352
6223,31039,4,True,1,True,1,33,0.1064,0.0331,0.0,0.0,1,0,True,1,0,7,,,0.3037,0.1372
6224,31046,3,True,1,True,1,7,4.8192,0.0334,0.0,0.0973,1,0,True,1,0,3,,,5.0427,0.0551
6225,31048,3,True,1,False,1,24,3.7591,0.0331,3.7218,3.877,1,44,True,1,44,146,,,15.1693,3.7191
6226,31061,4,False,1,False,1,39,0.6762,0.0,2.6438,6.2917,2,68,False,2,491,1026,,,39.7121,30.0671
6227,31064,4,False,1,False,1,14,1.2982,0.0336,1.2373,5.1538,2,70,False,2,488,1019,,,37.8166,30.0094
6228,31070,4,True,1,True,1,8,4.5211,0.0331,0.0,0.0964,1,0,True,1,0,6,,,4.797,0.1163
6229,31071,4,True,1,True,1,25,0.8142,0.0,0.0,0.8094,1,0,True,1,0,26,,,2.2718,0.5138
6230,31074,3,True,1,True,1,7,0.6428,0.0335,0.0,0.1645,1,0,True,1,0,8,,,1.027,0.156
6231,31076,3,True,1,True,1,7,0.599,0.0329,0.0,0.1625,1,0,True,1,0,8,,,0.9821,0.1575
6232,31081,3,True,1,True,1,7,0.6533,0.0336,0.0,0.1636,1,0,True,1,0,8,,,1.0414,0.1608
6233,31081,4,True,1,True,1,8,4.459,0.0333,0.0,0.099,1,0,True,1,0,6,,,4.7672,0.1447
6234,31091,4,True,1,True,1,8,0.4872,0.0333,0.0,0.0967,1,0,True,1,0,6,,,0.766,0.119
6235,31097,4,True,1,True,1,6,14.9314,0.0332,0.0,0.0,1,0,True,1,0,6,,,15.1158,0.1188
6236,31099,4,True,1,True,1,16,1.2746,0.0,0.0,0.5354,1,0,True,1,0,17,,,2.2358,0.3389
6237,31107,3,True,1,True,1,21,0.6233,0.0,0.0,0.7208,1,0,True,1,0,22,,,2.0734,0.492
6238,31132,3,True,1,True,1,9,1.6748,0.0332,0.0,0.1901,1,0,True,1,0,35,,,2.6672,0.6934
6239,31142,3,True,1,True,1,14,1.7632,0.0329,0.0,0.1906,1,0,True,1,0,3,,,2.379,0.0553
6240,31142,4,False,1,False,1,18,1.1223,0.0,1.0499,5.6178,2,62,False,2,496,1074,,,38.1476,30.0142
6241,31152,3,True,1,True,1,18,1.1611,0.0,0.0,0.6017,1,0,True,1,0,19,,,2.1508,0.3617
6242,31153,3,True,1,True,1,18,0.8429,0.0,0.0,0.5978,1,0,True,1,0,19,,,1.838,0.3709
6243,31155,3,True,1,True,1,19,9.9909,0.0344,0.0,0.4999,1,0,True,1,0,20,,,10.9229,0.3813
6244,31164,3,False,1,False,1,14,13.6362,0.0,13.1988,5.5483,2,77,False,2,496,1036,,,62.4483,30.0063
6245,31165,4,False,1,False,1,25,1.4697,0.0332,1.4243,5.2542,2,73,True,1,235,529,,,22.8091,14.5656
6246,31169,3,True,1,False,1,16,1.6302,0.0324,1.6467,0.9691,1,0,True,1,0,43,,,5.1438,0.8302
6247,31173,4,False,1,False,1,34,1.6471,0.0,1.3949,6.1827,2,72,False,2,505,1053,,,39.3938,30.0759
6248,31176,4,True,1,True,1,7,1.5055,0.0,0.0,0.2466,1,0,True,1,0,8,,,1.998,0.1524
6249,31177,3,True,1,True,1,24,1.2263,0.0,0.0,0.7716,1,0,True,1,0,25,,,2.5959,0.4866
6250,31178,3,True,1,True,1,24,1.2823,0.0,0.0,0.7706,1,0,True,1,0,25,,,2.6635,0.4836
6251,31187,4,True,1,True,1,5,0.7956,0.0,0.0,0.183,1,0,True,1,0,6,,,1.2019,0.1154
6252,31189,4,True,1,True,1,5,0.551,0.0,0.0,0.1793,1,0,True,1,0,6,,,0.9598,0.1181
6253,31193,3,True,1,True,1,24,1.0666,0.0,0.0,0.7811,1,0,True,1,0,25,,,2.4286,0.4793
6254,31193,4,True,1,True,1,10,0.5663,0.0328,0.0,0.0,1,0,True,1,0,6,,,0.8584,0.113
6255,31195,3,True,1,True,1,24,2.0175,0.0,0.0,0.7879,1,0,True,1,0,25,,,3.4273,0.4801
6256,31198,4,True,1,True,1,7,1.2751,0.0,0.0,0.2442,1,0,True,1,0,8,,,1.7423,0.1527
6257,31202,3,True,1,True,1,41,0.6881,0.0325,0.0,0.2551,1,0,True,1,0,8,,,1.2036,0.1531
6258,31208,4,True,1,True,1,7,1.3814,0.0,0.0,0.2453,1,0,True,1,0,8,,,2.2186,0.1548
6259,31219,4,True,1,True,1,25,1.1951,0.0327,0.0,0.6859,1,0,True,1,0,48,,,2.8575,0.9157
6260,31226,3,True,1,False,1,24,10.385,0.0321,10.1861,3.8706,1,44,True,1,44,146,,,28.1868,3.6599
6261,31227,3,False,1,False,1,53,0.7679,0.0,0.6932,6.6793,2,66,False,2,518,1096,,,38.2696,30.0767
6262,31227,4,False,1,False,1,53,1.4829,0.0,1.3965,6.7043,2,66,False,2,518,1099,,,39.6455,30.0089
6263,31237,4,True,1,True,1,18,1.1846,0.0331,0.0,0.0,1,0,True,1,0,7,,,1.4731,0.1339
6264,31240,4,True,1,True,1,9,0.1306,0.0653,0.0,0.255,1,0,True,1,282,575,,,17.1882,16.7296
6265,31241,4,True,1,True,1,9,0.6707,0.0326,0.0,0.2232,1,0,True,1,0,10,,,1.1258,0.1916
6266,31246,3,True,1,True,1,14,1.4329,0.0328,0.0,0.1912,1,0,True,1,0,3,,,2.1653,0.0557
6267,31250,4,True,1,True,1,35,0.7556,0.0332,0.0,0.0,1,0,True,1,0,6,,,0.929,0.1137
6268,31259,4,False,1,False,1,25,7.7427,0.033,7.0913,5.2325,2,75,False,2,498,1097,,,50.1641,30.0155
6269,31275,3,True,1,True,1,2,2.1644,0.0332,0.0,0.0,1,0,True,1,0,3,,,2.4891,0.0567
6270,31278,3,True,1,True,1,5,2.2473,0.0,0.0,0.1807,1,0,True,1,0,6,,,2.6102,0.117
6271,31281,4,False,1,False,1,23,4.2642,0.0,4.2002,6.1014,2,86,False,2,519,1081,,,44.6106,30.0064
6272,31289,3,False,1,False,1,57,0.8186,0.0,0.8853,6.8285,2,66,False,2,511,1098,,,38.5931,30.0017
6273,31304,3,False,1,False,1,24,2.0779,0.0332,2.1073,5.2634,2,75,False,2,505,1089,,,39.8182,30.282
6274,31310,4,False,1,False,1,17,7.172,0.0,6.8655,5.558,2,78,False,2,502,1090,,,49.7267,30.051
6275,31322,3,True,1,True,1,6,1.5268,0.0336,0.0,0.193,1,0,True,1,0,7,,,1.924,0.1353
6276,31324,3,False,1,False,1,58,0.6272,0.0,0.564,6.8708,2,66,False,2,512,1100,,,38.1378,30.0205
6277,31337,3,True,1,True,1,23,2.2699,0.0,0.0,0.7614,1,0,True,1,0,24,,,3.7828,0.453
6278,31338,4,True,1,False,1,44,0.2713,0.0,0.0672,4.0057,1,30,True,1,30,106,,,6.932,2.5695
6279,31341,3,True,1,True,1,2,1.0134,0.033,0.0,0.0,1,0,True,1,0,3,,,1.1746,0.0551
6280,31346,3,True,1,False,1,24,11.7352,0.0328,11.6348,4.327,1,43,True,1,43,144,,,31.3766,3.5954
6281,31358,4,False,1,False,1,23,4.2596,0.0,4.1088,5.7571,2,65,False,2,521,1071,,,44.1734,30.0074
6282,31362,3,True,1,False,1,24,14.0604,0.0333,13.1228,4.6887,1,59,True,1,59,176,,,36.4414,4.4761
6283,31370,3,True,1,True,1,9,4.6694,0.0643,0.0,0.128,1,0,True,1,0,21,,,5.2725,0.4016
6284,31371,3,True,1,True,1,21,1.0856,0.0334,0.0,0.4064,1,0,True,1,0,22,,,1.966,0.4312
6285,31384,4,True,1,False,1,18,1.9038,0.0326,2.1598,3.774,1,46,True,1,46,152,,,11.6988,3.7646
6286,31385,4,False,1,False,1,24,8.9229,0.0331,8.6929,5.2334,2,75,False,2,496,1089,,,52.9396,30.0031
6287,31386,3,False,1,False,1,24,0.7511,0.0328,0.8262,5.2249,2,78,False,2,506,1058,,,36.959,30.058
6288,31392,4,True,1,False,1,15,5.7945,0.0323,5.4145,0.663,1,0,True,1,0,21,,,12.3218,0.4059
6289,31395,3,True,1,True,1,5,3.9548,0.0327,0.0,0.0638,1,0,True,1,0,7,,,4.2294,0.1325
6290,31398,3,True,1,True,1,39,0.2245,0.0326,0.0,1.1573,1,0,True,1,0,40,,,2.2185,0.7877
6291,31399,4,False,1,False,1,23,4.1785,0.0,4.1776,5.7534,2,67,False,2,502,1088,,,44.1545,30.005
6292,31409,4,False,1,False,1,13,8.9183,0.0,5.0143,5.4915,2,63,False,2,501,1083,,,49.5219,30.0155
6293,31410,3,False,1,False,1,18,4.8954,0.0,5.0218,5.6339,2,76,False,2,517,1067,,,45.7165,30.0843
6294,31413,4,False,1,False,1,9,7.4764,0.0,7.4361,5.3168,2,82,True,1,401,810,,,43.3201,23.0651
6295,31428,3,False,1,False,1,24,8.9561,0.0327,9.0084,5.2724,2,75,False,2,488,1090,,,53.3405,30.0159
6296,31432,3,False,1,False,1,24,1.5765,0.0333,1.5265,5.2617,2,75,False,2,486,1089,,,38.4644,30.0066
6297,31435,4,False,1,False,1,24,1.6145,0.0334,1.6456,5.2324,2,76,False,2,486,1089,,,38.5977,30.0157
6298,31436,4,False,1,False,1,65,1.1659,0.0,1.1294,7.1942,2,71,False,2,508,1096,,,39.5587,30.0003
6299,31437,3,False,1,False,1,17,4.8841,0.0325,4.9021,5.1767,2,79,False,2,510,1047,,,45.0751,30.0081
6300,31441,4,True,1,True,1,20,5.3412,0.0,0.0,0.6593,1,0,True,1,0,21,,,6.4377,0.4007
6301,31442,4,True,1,True,1,23,5.6434,0.0,0.0,0.7532,1,0,True,1,0,24,,,6.8958,0.463
6302,31446,3,True,1,True,1,5,8.4493,0.033,0.0,0.1596,1,0,True,1,0,6,,,8.786,0.1144
6303,31448,3,True,1,True,1,5,8.3519,0.0331,0.0,0.159,1,0,True,1,0,6,,,8.6868,0.113
6304,31457,4,False,1,False,1,23,4.118,0.0,4.1139,5.7684,2,69,False,2,517,1081,,,44.0476,30.0082
6305,31458,4,False,1,False,1,24,1.6813,0.0,2.6391,5.7965,2,71,True,1,142,309,,,18.7147,8.5598
6306,31459,3,True,1,False,1,24,3.2099,0.034,3.0509,3.8927,1,44,True,1,44,146,,,13.9409,3.6618
6307,31460,4,False,1,False,1,64,2.7323,0.0,2.6854,7.1608,2,71,False,2,522,1108,,,42.7977,30.1631
6308,31477,3,False,1,False,1,16,0.9862,0.0326,0.6886,5.1512,2,75,False,2,516,1068,,,36.9351,30.0041
6309,31490,4,True,1,False,1,9,9.7434,0.0326,9.2859,0.4735,1,0,True,1,0,18,,,19.9062,0.3524
6310,31502,4,True,1,True,1,25,3.7341,0.0,0.0,0.8124,1,0,True,1,0,26,,,5.1502,0.4977
6311,31505,3,True,1,True,1,4,1.3484,0.0,0.0,0.1488,1,0,True,1,0,5,,,1.7698,0.0943
6312,31506,3,True,1,True,1,4,1.7026,0.0,0.0,0.1486,1,0,True,1,0,5,,,2.1423,0.0947
6313,31506,4,True,1,True,1,24,1.6362,0.0,0.0,0.7919,1,0,True,1,0,25,,,3.0887,0.4698
6314,31518,3,True,1,True,1,22,0.9981,0.0332,0.0,0.1627,1,0,True,1,0,5,,,1.4667,0.0946
6315,31519,4,True,1,True,1,22,1.0486,0.0,0.0,0.7053,1,0,True,1,0,23,,,2.3776,0.4375
6316,31523,4,True,1,True,1,22,1.0402,0.0,0.0,0.6985,1,0,True,1,0,23,,,2.3528,0.4331
6317,31527,3,True,1,True,1,23,0.9935,0.0333,0.0,0.1599,1,0,True,1,0,5,,,1.4775,0.0962
6318,31530,4,True,1,True,1,5,1.3119,0.0319,0.0,0.0,1,0,True,1,0,6,,,1.4955,0.114
6319,31533,3,True,1,True,1,5,1.2147,0.0328,0.0,0.1599,1,0,True,1,0,6,,,1.5611,0.1148
6320,31535,4,True,1,True,1,5,1.2151,0.0326,0.0,0.0,1,0,True,1,0,6,,,1.3985,0.1136
6321,31544,3,True,1,True,1,4,1.2005,0.0322,0.0,0.1267,1,0,True,1,0,5,,,1.4912,0.0938
6322,31547,4,True,1,True,1,5,1.2133,0.0314,0.0,0.0,1,0,True,1,0,6,,,1.3964,0.1149
6323,31548,3,True,1,True,1,4,1.2213,0.032,0.0,0.1262,1,0,True,1,0,5,,,1.5107,0.0933
6324,31557,4,True,1,True,1,5,1.2091,0.0322,0.0,0.0,1,0,True,1,0,6,,,1.3909,0.1133
6325,31558,3,True,1,True,1,4,1.2153,0.0335,0.0,0.129,1,0,True,1,0,5,,,1.5131,0.0973
6326,31559,3,True,1,True,1,4,1.2138,0.0325,0.0,0.1282,1,0,True,1,0,5,,,1.5098,0.0971
6327,31561,4,True,1,True,1,5,1.2389,0.032,0.0,0.0,1,0,True,1,0,6,,,1.4189,0.1121
6328,31566,4,True,1,True,1,12,1.9383,0.0319,0.0,0.0,1,0,True,1,0,9,,,2.2361,0.1712
6329,31569,4,True,1,True,1,10,1.7392,0.0324,0.0,0.0,1,0,True,1,0,8,,,2.0151,0.1507
6330,31571,4,True,1,True,1,10,1.5473,0.0324,0.0,0.0,1,0,True,1,0,8,,,1.8256,0.1519
6331,31575,3,True,1,True,1,5,0.8895,0.0,0.0,0.1782,1,0,True,1,0,6,,,1.2682,0.1157
6332,31584,3,True,1,True,1,5,0.9745,0.0,0.0,0.1797,1,0,True,1,0,6,,,1.3239,0.1179
6333,31596,4,False,1,False,1,29,4.7276,0.0,4.5056,5.9489,2,79,True,1,430,896,,,40.0818,24.7051
6334,31599,3,True,1,True,1,4,8.316,0.0,0.0,0.1465,1,0,True,1,0,5,,,8.8317,0.0925
6335,31604,3,True,1,True,1,7,15.3809,0.0,0.0,0.2452,1,0,True,1,0,8,,,15.8909,0.1547
6336,31607,3,True,1,True,1,7,15.1977,0.0,0.0,0.2439,1,0,True,1,0,8,,,15.7262,0.1535
6337,31622,4,True,1,False,1,26,9.8655,0.0,9.6342,1.5159,1,1,True,1,1,35,,,21.7762,0.6859
6338,31625,4,True,1,True,1,5,15.0432,0.0321,0.0,0.0,1,0,True,1,0,6,,,15.2249,0.1142
6339,31635,3,True,1,True,1,15,14.4473,0.0324,0.0,0.157,1,0,True,1,0,6,,,14.7889,0.1147
6340,31635,4,True,1,True,1,6,14.3924,0.0319,0.0,0.0,1,0,True,1,0,7,,,14.5927,0.1317
6341,31636,4,True,1,True,1,6,14.2799,0.0319,0.0,0.0,1,0,True,1,0,7,,,14.4809,0.1341
6342,31653,3,True,1,True,1,33,14.2873,0.0327,0.0,0.1617,1,0,True,1,0,6,,,14.6312,0.1125
6343,31660,4,True,1,True,1,3,10.0368,0.0328,0.0,0.0,1,0,True,1,0,4,,,10.1794,0.0748
6344,31661,4,True,1,True,1,3,9.927,0.0325,0.0,0.0,1,0,True,1,0,4,,,10.0698,0.0752
6345,31668,3,True,1,True,1,4,0.9182,0.0334,0.0,0.1268,1,0,True,1,0,5,,,1.2087,0.0933
6346,31681,3,True,1,True,1,4,1.0358,0.0333,0.0,0.1287,1,0,True,1,0,5,,,1.3294,0.0947
6347,31682,4,True,1,True,1,3,9.7651,0.0328,0.0,0.0,1,0,True,1,0,4,,,9.9084,0.0753
6348,31688,4,True,1,True,1,4,1.1596,0.0326,0.0,0.095,1,0,True,1,0,5,,,1.4389,0.0939
6349,31689,4,True,1,True,1,50,1.3701,0.033,0.0,0.1256,1,0,False,2,521,1070,,,31.6793,30.008
6350,31701,3,True,1,True,1,4,0.9535,0.0,0.0,0.1481,1,0,True,1,0,5,,,1.2603,0.0939
6351,31705,3,True,1,True,1,5,1.1976,0.0,0.0,0.1802,1,0,True,1,0,6,,,1.5737,0.1153
6352,31708,4,True,1,True,1,5,1.9694,0.0,0.0,0.1698,1,0,True,1,0,6,,,2.3592,0.113
6353,31715,3,True,1,True,1,23,1.5524,0.0326,0.0,0.0972,1,0,True,1,0,5,,,1.8871,0.0945
6354,31717,4,True,1,True,1,5,1.336,0.0,0.0,0.1674,1,0,True,1,0,6,,,1.7225,0.1133
6355,31721,4,True,1,True,1,5,0.9127,0.0,0.0,0.1682,1,0,True,1,0,6,,,1.3034,0.1155
6356,31722,4,True,1,True,1,5,1.0339,0.0,0.0,0.1686,1,0,True,1,0,6,,,1.4247,0.114
6357,31736,3,True,1,True,1,5,0.8892,0.0,0.0,0.1808,1,0,True,1,0,6,,,1.3406,0.1135
6358,31737,3,True,1,True,1,5,0.8714,0.0,0.0,0.1809,1,0,True,1,0,6,,,1.3399,0.1146
6359,31751,4,True,1,True,1,10,0.4005,0.0325,0.0,0.0,1,0,True,1,0,7,,,0.7028,0.1327
6360,31755,4,True,1,True,1,10,0.4579,0.0325,0.0,0.0,1,0,True,1,0,7,,,0.7629,0.1335
6361,31760,3,True,1,True,1,5,0.6055,0.0,0.0,0.1798,1,0,True,1,0,6,,,1.04,0.1155
6362,31761,3,True,1,True,1,5,0.5153,0.0,0.0,0.1825,1,0,True,1,0,6,,,0.9503,0.1138
6363,31765,4,True,1,True,1,20,7.8501,0.0,0.0,0.6703,1,0,True,1,0,21,,,9.0735,0.4049
6364,31766,4,True,1,True,1,4,0.1923,0.0327,0.0,0.0,1,0,True,1,0,36,,,1.062,0.6884
6365,31769,3,True,1,True,1,5,1.6463,0.0323,0.0,0.1608,1,0,True,1,0,6,,,1.9887,0.1138
6366,31785,4,True,1,True,1,4,0.9162,0.0,0.0,0.1501,1,0,True,1,0,5,,,1.3279,0.0936
6367,31788,3,True,1,True,1,5,1.0963,0.0,0.0,0.1703,1,0,True,1,0,6,,,1.5506,0.1141
6368,31788,4,True,1,True,1,4,1.0902,0.0,0.0,0.148,1,0,True,1,0,5,,,1.5049,0.0952
6369,31794,3,True,1,True,1,5,0.9098,0.0,0.0,0.1696,1,0,True,1,0,6,,,1.3527,0.114
6370,31804,4,True,1,True,1,4,0.7893,0.0,0.0,0.1509,1,0,True,1,0,5,,,1.1931,0.0945
6371,31806,4,True,1,True,1,12,0.8629,0.0321,0.0,0.1279,1,0,True,1,0,4,,,1.1601,0.0761
6372,31837,3,True,1,True,1,4,0.5244,0.0334,0.0,0.1279,1,0,True,1,0,5,,,0.8414,0.0949
6373,31839,4,True,1,True,1,5,0.6483,0.0324,0.0,0.0,1,0,True,1,0,6,,,0.8552,0.114
6374,31843,4,True,1,True,1,3,11.0893,0.0325,0.0,0.0,1,0,True,1,0,4,,,11.2572,0.0755
6375,31845,3,True,1,True,1,3,0.5491,0.0335,0.0,0.0962,1,0,True,1,0,4,,,0.8149,0.0753
6376,31848,4,True,1,True,1,3,11.476,0.0327,0.0,0.0,1,0,True,1,0,4,,,11.6446,0.0767
6377,31849,3,True,1,True,1,3,0.546,0.0332,0.0,0.0956,1,0,True,1,0,4,,,0.8131,0.0764
6378,31859,3,True,1,True,1,4,0.5074,0.0335,0.0,0.1273,1,0,True,1,0,5,,,0.8259,0.0958
6379,31868,3,True,1,True,1,4,0.5093,0.0328,0.0,0.1265,1,0,True,1,0,5,,,0.8259,0.0959
6380,31872,3,True,1,True,1,4,0.5039,0.0328,0.0,0.1274,1,0,True,1,0,5,,,0.8203,0.0956
6381,31877,4,True,1,True,1,36,0.2807,0.033,0.0,0.0,1,0,True,1,0,6,,,0.5128,0.115
6382,31881,3,True,1,True,1,15,8.8865,0.0333,0.0,0.2255,1,0,True,1,0,3,,,9.2933,0.0563
6383,31882,4,True,1,True,1,23,0.4955,0.0332,0.0,0.482,1,0,True,1,0,21,,,1.4708,0.406
6384,31889,3,True,1,True,1,11,1.6177,0.0337,0.0,0.2216,1,0,True,1,0,5,,,2.0265,0.0976
6385,31889,4,True,1,False,1,22,1.9491,0.0,1.5852,1.435,1,0,True,1,0,37,,,5.7306,0.7054
6386,31890,4,True,1,False,1,22,1.5284,0.0,1.5539,1.4286,1,0,True,1,0,37,,,5.2803,0.714
6387,31902,3,True,1,True,1,24,1.9026,0.0335,0.0,0.2229,1,0,True,1,0,5,,,2.3095,0.0964
6388,31908,3,True,1,True,1,30,2.2206,0.033,0.0,0.2201,1,0,True,1,0,5,,,2.6215,0.0941
6389,31913,3,True,1,True,1,35,2.6591,0.0324,0.0,0.2224,1,0,True,1,0,5,,,3.0633,0.0952
6390,31917,4,True,1,True,1,23,1.112,0.0,0.0,0.7594,1,0,True,1,0,24,,,2.3901,0.4618
6391,31919,4,True,1,True,1,23,0.9677,0.0,0.0,0.747,1,0,True,1,0,24,,,2.238,0.4663
6392,31925,3,True,1,True,1,15,0.7575,0.0333,0.0,0.1897,1,0,True,1,0,22,,,1.4675,0.4313
6393,31941,3,True,1,True,1,31,0.7263,0.0328,0.0,0.1914,1,0,True,1,0,21,,,1.4191,0.4129
6394,31966,4,True,1,False,1,21,1.4729,0.0,1.3667,1.3208,1,0,True,1,0,33,,,4.8531,0.6264
6395,31975,4,True,1,False,1,21,1.4948,0.0,1.4381,1.3176,1,0,True,1,0,33,,,4.9479,0.6311
6396,31980,4,False,1,False,1,23,0.9209,0.0,0.7566,5.7649,2,79,False,2,525,1084,,,37.5487,30.0475
6397,31983,4,False,1,False,1,16,0.9099,0.0,0.9812,5.5486,2,80,False,2,524,1086,,,37.515,30.004
6398,31987,3,True,1,True,1,8,1.009,0.0329,0.0,0.0638,1,0,True,1,0,4,,,1.2568,0.0748
6399,31989,4,False,1,False,1,24,0.8815,0.0,0.7075,5.7988,2,74,False,2,521,1082,,,37.5171,30.0516
6400,31994,4,False,1,False,1,24,1.0814,0.0,0.9801,5.7757,2,70,False,2,518,1092,,,37.9161,30.0002
6401,32005,3,True,1,True,1,7,1.033,0.0335,0.0,0.0648,1,0,True,1,0,4,,,1.2703,0.0748
6402,32010,3,True,1,True,1,7,1.1122,0.0332,0.0,0.064,1,0,True,1,0,4,,,1.345,0.0762
6403,32021,4,True,1,True,1,5,0.5206,0.0325,0.0,0.0,1,0,True,1,0,4,,,0.679,0.0749
6404,32025,3,True,1,True,1,4,0.5691,0.0335,0.0,0.0955,1,0,True,1,0,5,,,0.8451,0.0942
6405,32031,4,True,1,True,1,5,0.5147,0.0321,0.0,0.0,1,0,True,1,0,4,,,0.6726,0.0748
6406,32034,4,True,1,True,1,5,0.646,0.0323,0.0,0.0,1,0,True,1,0,4,,,0.8045,0.0745
6407,32042,4,True,1,True,1,5,0.517,0.0325,0.0,0.0,1,0,True,1,0,4,,,0.6747,0.0746
6408,32059,4,False,1,False,1,25,2.1408,0.0,1.6719,5.8209,2,76,False,2,527,1102,,,39.8533,30.0168
6409,32063,3,True,1,True,1,4,0.9136,0.0,0.0,0.1497,1,0,True,1,0,5,,,1.2448,0.0937
6410,32077,3,True,1,True,1,4,4.0223,0.0,0.0,0.1504,1,0,True,1,0,5,,,4.4066,0.0949
6411,32078,3,True,1,True,1,4,1.0062,0.0,0.0,0.1486,1,0,True,1,0,5,,,1.3387,0.0958
6412,32081,4,True,1,False,1,23,0.9366,0.0,0.8465,1.4601,1,0,True,1,0,37,,,4.0475,0.7145
6413,32085,4,False,1,False,1,37,1.3937,0.0,1.217,6.2084,2,76,False,2,513,1079,,,38.9119,30.0082
6414,32086,3,True,1,True,1,3,0.5583,0.0,0.0,0.1163,1,0,True,1,0,4,,,0.8426,0.0738
6415,32096,4,False,1,False,1,31,1.3858,0.0,0.8833,6.0438,2,61,False,2,511,1103,,,38.4877,30.0492
6416,32100,4,False,1,False,1,31,1.3957,0.0,1.273,6.0137,2,57,False,2,506,1105,,,38.8051,30.0116
6417,32102,4,False,1,False,1,31,0.9764,0.0,0.7165,6.014,2,57,False,2,506,1107,,,37.8213,30.0061
6418,32103,4,False,1,False,1,31,0.8624,0.0,0.7462,6.0183,2,55,False,2,506,1108,,,37.759,30.0139
6419,32108,3,True,1,True,1,15,1.1115,0.0,0.0,0.5045,1,0,True,1,0,16,,,2.0392,0.3045
6420,32112,4,False,1,False,1,31,0.9004,0.0,0.7708,6.0186,2,49,False,2,502,1112,,,37.8245,30.013
6421,32113,4,False,1,False,1,31,0.8959,0.0,0.8083,6.0351,2,49,False,2,502,1114,,,37.9227,30.0678
6422,32116,3,True,1,True,1,29,0.6828,0.033,0.0,0.8917,1,0,True,1,0,30,,,2.2502,0.5882
6423,32117,4,True,1,False,1,23,1.0102,0.0,0.9337,1.4737,1,0,True,1,0,38,,,4.1996,0.7253
6424,32125,3,True,1,True,1,16,0.8307,0.0334,0.0,0.1905,1,0,True,1,0,5,,,1.2032,0.0936
6425,32132,3,True,1,True,1,23,0.9669,0.0331,0.0,0.1909,1,0,True,1,0,5,,,1.346,0.0994
6426,32132,4,True,1,True,1,23,1.0051,0.0,0.0,0.7571,1,0,True,1,0,24,,,2.2789,0.4616
6427,32149,4,True,1,False,1,21,1.7366,0.0,1.6612,1.3348,1,0,True,1,0,33,,,5.4629,0.6392
6428,32152,4,True,1,False,1,21,1.2239,0.0,1.0373,1.3535,1,0,True,1,0,33,,,4.3566,0.6389
6429,32153,3,True,1,True,1,3,0.6375,0.0,0.0,0.1155,1,0,True,1,0,4,,,0.9404,0.0844
6430,32157,4,True,1,False,1,21,1.1637,0.0,0.8904,1.3347,1,0,True,1,0,33,,,4.1134,0.6333
6431,32159,4,True,1,False,1,21,0.9095,0.0,0.866,1.3283,1,0,True,1,0,33,,,3.8308,0.6325
6432,32165,3,True,1,True,1,3,0.7326,0.0,0.0,0.1155,1,0,True,1,0,4,,,1.0124,0.0755
6433,32165,4,True,1,False,1,21,0.9295,0.0,0.7889,1.3202,1,0,True,1,0,33,,,3.7595,0.6308
6434,32167,4,True,1,False,1,21,0.9224,0.0,0.8009,1.3198,1,0,True,1,0,33,,,3.7607,0.6309
6435,32173,4,True,1,False,1,21,0.9136,0.0,0.7745,1.3191,1,0,True,1,0,33,,,3.7112,0.6283
6436,32175,4,True,1,False,1,21,0.8897,0.0,0.826,1.3138,1,0,True,1,0,33,,,3.7266,0.6249
6437,32176,4,True,1,True,1,4,0.8906,0.0,0.0,0.1505,1,0,True,1,0,5,,,1.3193,0.095
6438,32180,4,True,1,True,1,3,1.1783,0.0,0.0,0.1177,1,0,True,1,0,4,,,1.5755,0.077
6439,32186,3,True,1,True,1,5,1.182,0.032,0.0,0.0,1,0,True,1,0,4,,,1.6078,0.075
6440,32192,3,True,1,True,1,5,1.1139,0.0331,0.0,0.0,1,0,True,1,0,4,,,1.5186,0.0801
6441,32192,4,True,1,True,1,4,0.8864,0.0,0.0,0.1538,1,0,True,1,0,5,,,1.436,0.0981
6442,32194,4,True,1,True,1,4,1.1564,0.0,0.0,0.1518,1,0,True,1,0,5,,,1.6951,0.0952
6443,32207,4,True,1,True,1,4,1.968,0.0,0.0,0.1487,1,0,True,1,0,5,,,2.4633,0.097
6444,32219,4,True,1,True,1,5,6.335,0.0329,0.0,0.0,1,0,True,1,0,6,,,6.6678,0.1148
